{
    "name": "weejoker_funrun",
    "description": "Filter configuration created by Ouija GUI",
    "author": "Ouija GUI User",
    "filter_config": {
        "numNeeds": 5,
        "numWants": 2,
        "Needs": [
            {
                "value": "Blueprint",
                "jokeredition": "No_Edition",
                "desireByAnte": 3
            },
            {
                "value": "Wee_Joker",
                "jokeredition": "No_Edition",
                "desireByAnte": 1
            },
            {
                "value": "Brainstorm",
                "jokeredition": "No_Edition",
                "desireByAnte": 8
            },
            {
                "value": "Perkeo",
                "jokeredition": "No_Edition",
                "desireByAnte": 3
            },
            {
                "value": "Hanging_Chad",
                "jokeredition": "No_Edition",
                "desireByAnte": 1
            }
        ],
        "Wants": [
            {
                "value": "2"
            },
            {
                "value": "Hanging_Chad",
                "jokeredition": "No_Edition"
            }
        ],
        "maxSearchAnte": 8,
        "deck": "Erratic_Deck",
        "stake": "White_Stake",
        "scoreNaturalNegatives": true,
        "scoreDesiredNegatives": true
    }
}